<?xml version="1.0" encoding="utf-8"?>
<extension type="component" version="3.1" method="upgrade">
    <name>com_easyshop</name>
    <author>JoomTech team</author>
    <creationDate>June 2015</creationDate>
    <copyright>Copyright (C) 2015 - 2020 JoomTech. All rights reserved.</copyright>
    <license>GNU General Public License version 2 or later; see LICENSE.txt</license>
    <authorEmail>contact@joomtech.net</authorEmail>
    <authorUrl>www.joomtech.net</authorUrl>
    <version>1.4.1</version>
    <description>COM_EASYSHOP_XML_DESCRIPTION</description>
    <scriptfile>install.script.php</scriptfile>
    <install>
        <sql>
            <file driver="mysql" charset="utf8">sql/mysql/install.sql</file>
        </sql>
    </install>
    <uninstall>
        <sql>
            <file driver="mysql" charset="utf8">sql/mysql/uninstall.sql</file>
        </sql>
    </uninstall>
    <update>
        <schemas>
            <schemapath type="mysql">sql/updates/mysql</schemapath>
        </schemas>
    </update>
    <updateservers>
        <server type="extension" priority="1" name="EasyShop Component Update Server">
            https://www.joomtech.net/index.php?option=com_easyshop&amp;task=file.updateStream&amp;client=1&amp;key=423f0e439a6e5357b6bc0e8bba95b4d8&amp;dummy=file.xml
        </server>
    </updateservers>
    <media folder="media" destination="com_easyshop">
        <folder>css</folder>
        <folder>images</folder>
        <folder>js</folder>
    </media>
    <files folder="site">
        <folder>controllers</folder>
        <folder>helpers</folder>
        <folder>layouts</folder>
        <folder>models</folder>
        <folder>templates</folder>
        <folder>views</folder>
        <filename>controller.php</filename>
        <filename>easyshop.php</filename>
        <filename>router.php</filename>
    </files>
    <administration>
        <menu link='index.php?option=com_easyshop'>COM_EASYSHOP</menu>
        <submenu>
            <menu alt="COM_EASYSHOP_DASHBOARD" view="dashboard" link="option=com_easyshop&amp;view=dashboard">
                COM_EASYSHOP_DASHBOARD
            </menu>
            <menu alt="COM_EASYSHOP_ORDERS" view="orders" link="option=com_easyshop&amp;view=orders">
                COM_EASYSHOP_ORDERS
            </menu>
            <menu alt="COM_EASYSHOP_PRODUCTS" view="products" link="option=com_easyshop&amp;view=products">
                COM_EASYSHOP_PRODUCTS
            </menu>
            <menu alt="COM_EASYSHOP_CATEGORIES" view="categories"
                  link="option=com_categories&amp;extension=com_easyshop.product">COM_EASYSHOP_CATEGORIES
            </menu>
            <menu alt="COM_EASYSHOP_DISCOUNTS" view="discounts" link="option=com_easyshop&amp;view=discounts">
                COM_EASYSHOP_DISCOUNTS
            </menu>
            <menu alt="COM_EASYSHOP_CUSTOMERS" view="users" link="option=com_easyshop&amp;view=users">
                COM_EASYSHOP_CUSTOMERS
            </menu>
            <menu alt="COM_EASYSHOP_CURRENCIES" view="currencies" link="option=com_easyshop&amp;view=currencies">
                COM_EASYSHOP_CURRENCIES
            </menu>
            <menu alt="COM_EASYSHOP_PAYMENT_METHODS" view="methods"
                  link="option=com_easyshop&amp;view=methods&amp;filter_type=payment">COM_EASYSHOP_PAYMENT_METHODS
            </menu>
            <menu alt="COM_EASYSHOP_SHIPPING_METHODS" view="methods"
                  link="option=com_easyshop&amp;view=methods&amp;filter_type=shipping">COM_EASYSHOP_SHIPPING_METHODS
            </menu>
            <menu alt="COM_EASYSHOP_MEDIA" view="media" link="option=com_easyshop&amp;view=media">
                COM_EASYSHOP_MEDIA
            </menu>
            <menu alt="COM_EASYSHOP_SYSTEM_EMAILS" view="emails" link="option=com_easyshop&amp;view=emails">
                COM_EASYSHOP_SYSTEM_EMAILS
            </menu>
            <menu alt="COM_EASYSHOP_SYSTEM_LOGS" view="logs" link="option=com_easyshop&amp;view=logs">
                COM_EASYSHOP_SYSTEM_LOGS
            </menu>
            <menu alt="COM_EASYSHOP_CONFIGURATION" view="component"
                  link="option=com_config&amp;view=component&amp;component=com_easyshop&amp;path=&amp;return=aHR0cDovL2xvY2FsLmRldi5uZXQvYWRtaW5pc3RyYXRvci9pbmRleC5waHA%2Fb3B0aW9uPWNvbV9jYXRlZ29yaWVzJmV4dGVuc2lvbj1jb21fZWFzeXNob3AucHJvZHVjdA%3D%3D">
                COM_EASYSHOP_CONFIGURATION
            </menu>
        </submenu>
        <files folder="admin">
            <folder>controllers</folder>
            <folder>helpers</folder>
            <folder>language</folder>
            <folder>layouts</folder>
            <folder>models</folder>
            <folder>sql</folder>
            <folder>tables</folder>
            <folder>templates</folder>
            <folder>views</folder>
            <filename>access.xml</filename>
            <filename>config.xml</filename>
            <filename>controller.php</filename>
            <filename>easyshop.php</filename>
        </files>
    </administration>
</extension>
