<?xml version="1.0" encoding="utf-8"?>
<extension type="module" version="3.1" client="site" method="upgrade">
    <name>mod_easyshop_tracking</name>
    <author>JoomTech Team</author>
    <creationDate>June 2017</creationDate>
    <copyright>Copyright (C) 2015 - 2020 JoomTech. All rights reserved.</copyright>
    <license>GNU/GPLv3 http://www.gnu.org/licenses/gpl-3.0.html</license>
    <authorEmail>contact@joomtech.net</authorEmail>
    <authorUrl>www.joomtech.net</authorUrl>
    <version>1.4.1</version>
    <description>MOD_EASYSHOP_TRACKING_XML_DESCRIPTION</description>
    <files>
        <filename module="mod_easyshop_tracking">mod_easyshop_tracking.php</filename>
        <folder>language</folder>
        <folder>tmpl</folder>
    </files>
    <config>
        <fields name="params">
            <fieldset
                    name="advanced">
                <field
                        name="layout"
                        type="modulelayout"
                        label="JFIELD_ALT_LAYOUT_LABEL"
                        description="JFIELD_ALT_MODULE_LAYOUT_DESC"/>
                <field
                        name="moduleclass_sfx"
                        type="textarea" rows="3"
                        label="COM_MODULES_FIELD_MODULECLASS_SFX_LABEL"
                        description="COM_MODULES_FIELD_MODULECLASS_SFX_DESC"/>
                <field
                        name="cache"
                        type="list"
                        default="1"
                        label="COM_MODULES_FIELD_CACHING_LABEL"
                        description="COM_MODULES_FIELD_CACHING_DESC">
                    <option
                            value="1">JGLOBAL_USE_GLOBAL
                    </option>
                    <option
                            value="0">COM_MODULES_FIELD_VALUE_NOCACHING
                    </option>
                </field>

                <field
                        name="cache_time"
                        type="text"
                        default="900"
                        label="COM_MODULES_FIELD_CACHE_TIME_LABEL"
                        description="COM_MODULES_FIELD_CACHE_TIME_DESC"/>
                <field
                        name="cachemode"
                        type="hidden"
                        default="static">
                    <option value="static"></option>
                </field>
            </fieldset>
        </fields>
    </config>
</extension>
